participant,trial_index,true_label,predicted_label,model_confidence,confidence_level,is_high_attention,alpha_o1,alpha_o2,alpha_p3,alpha_p4,alpha_asymmetry,abs_asymmetry,target_side,is_correct,fold
file01,1,0,1,0.541825968031835,medium,False,13.904262,14.653808,4.404745,5.587669,-0.026246380576615293,0.026246380576615293,right,0,1
file01,3,1,1,0.5217222383918083,medium,False,23.718611,25.491538,19.041407,9.660419,-0.03602766908859248,0.03602766908859248,left,1,1
file01,6,1,1,0.541726257204006,medium,False,10.144931,17.688826,19.642051,2.364427,-0.27103400841524883,0.27103400841524883,left,1,1
file01,7,1,1,0.5667503805686481,medium,False,11.028383,19.697433,10.741675,2.765405,-0.28214221284986496,0.28214221284986496,left,1,1
file01,12,1,0,0.4864025275191227,low,False,35.587194,25.117352,11.443385,20.387026,0.17247212140467827,0.17247212140467827,right,1,1
file01,18,0,1,0.5369817505508038,medium,False,17.548214,19.739513,8.748369,3.036301,-0.0587672973799851,0.0587672973799851,right,0,1
file01,19,0,1,0.5338583106544946,medium,False,19.138874,25.124384,23.258763,8.54678,-0.13522524403365777,0.13522524403365777,right,0,1
file01,23,1,0,0.4984165329571031,low,False,19.935598,18.077251,17.811421,4.679806,0.04888733678216704,0.04888733678216704,right,1,1
file01,29,0,1,0.5565086015929489,medium,False,7.696833,12.924924,8.077421,4.522876,-0.2535230507505713,0.2535230507505713,left,0,1
file01,38,1,1,0.5606728329641895,medium,False,15.791038,27.690938,22.907294,4.520376,-0.27367430878315396,0.27367430878315396,left,1,1
file01,40,0,1,0.5231152551980383,medium,False,16.590122,14.716768,5.563325,3.83691,0.05983839149023135,0.05983839149023135,left,0,1
file01,51,0,1,0.5423262737854884,medium,False,19.981597,22.861738,8.208888,3.480865,-0.06722494718898638,0.06722494718898638,right,0,1
file01,63,0,1,0.5328428631946635,medium,False,13.974306,13.200557,6.928288,8.952445,0.028472966782832856,0.028472966782832856,right,0,1
file01,65,1,1,0.536938498122859,medium,False,22.187901,26.848835,15.797414,4.329713,-0.09504983987821214,0.09504983987821214,left,1,1
file01,68,0,1,0.5649406306729744,medium,False,12.104637,17.789925,7.088651,7.615833,-0.19017799323575996,0.19017799323575996,left,0,1
file01,70,1,0,0.4865100510972457,low,False,32.317177,23.322624,8.922871,10.421164,0.16165681179095495,0.16165681179095495,right,1,1
file01,73,0,1,0.542759863119959,medium,False,6.928716,9.438935,8.389643,5.495464,-0.15336463654041524,0.15336463654041524,right,0,1
file01,75,0,1,0.5356057521088095,medium,False,11.891385,13.210923,7.578884,3.59958,-0.05256639936987468,0.05256639936987468,right,0,1
file01,78,0,1,0.5250462023919382,medium,False,24.6149,22.480789,9.010097,11.95347,0.045314358914796606,0.045314358914796606,left,0,1
file01,80,1,1,0.5317189993423119,medium,False,11.493358,11.498563,7.707802,6.167649,-0.00022638385777405323,0.00022638385777405323,left,1,1
file01,81,1,1,0.5129853359548119,medium,False,15.557306,15.927197,16.374693,4.367628,-0.011748350871273025,0.011748350871273025,left,1,1
file01,85,1,0,0.4856791608650861,low,False,40.251673,29.011398,7.716126,17.023724,0.16228380687475136,0.16228380687475136,right,1,1
file01,86,1,1,0.5773878452565455,medium,False,13.867651,26.248467,16.574227,5.336792,-0.3086244708766569,0.3086244708766569,left,1,1
file01,95,1,1,0.5370526725678095,medium,False,10.985621,11.65258,7.457332,7.146715,-0.029461659543456684,0.029461659543456684,left,1,1
file01,121,0,1,0.5273871146513812,medium,False,20.758523,21.705032,11.072968,4.52249,-0.022289913732142428,0.022289913732142428,right,0,1
file01,122,0,1,0.5018755390143719,medium,False,30.639632,24.204871,7.740602,9.799754,0.11732736246461446,0.11732736246461446,right,0,1
file01,125,0,0,0.4744836289772625,low,False,30.645573,26.047585,22.091941,4.553778,0.08110304807675292,0.08110304807675292,right,0,1
file01,133,1,0,0.42634139924050996,low,False,54.046187,39.421217,28.1605,18.188411,0.1564713388587177,0.1564713388587177,right,1,1
file01,138,1,1,0.5329725620243714,medium,False,8.835427,9.385476,7.053879,3.844499,-0.030187799683264963,0.030187799683264963,left,1,1
file01,142,1,1,0.5568742942645617,medium,False,18.512084,22.336786,9.892667,13.490912,-0.09363054366912608,0.09363054366912608,left,1,1
file01,145,1,1,0.6688023893695375,medium,False,49.960135,106.923352,85.476139,9.491331,-0.3630924944759004,0.3630924944759004,left,1,1
file01,147,1,1,0.5250539183312853,medium,False,23.205186,23.16989,11.757161,7.84349,0.0007610984667476118,0.0007610984667476118,right,1,1
file02,6,0,0,0.4566362224649691,low,False,52.292628,44.251258,27.38451,13.561265,0.0832923787292716,0.0832923787292716,left,0,1
file02,17,0,1,0.5000445016667264,medium,False,63.402956,58.57938,33.478337,43.404,0.039543233214166106,0.039543233214166106,right,0,1
file02,32,1,1,0.5431895011373442,medium,False,17.943511,25.221627,20.76586,6.425389,-0.1686109709967574,0.1686109709967574,left,1,1
file02,39,0,0,0.14416645184688967,low,False,172.517708,121.764049,120.897015,32.637739,0.1724662083879491,0.1724662083879491,right,0,1
file02,42,0,0,0.4998916430481887,low,False,141.06341,181.627101,140.142714,30.919368,-0.12570462871247978,0.12570462871247978,right,0,1
file02,50,1,1,0.5757493196870133,medium,False,254.117266,320.876085,188.985716,61.966915,-0.11610363627299815,0.11610363627299815,left,1,1
file02,52,1,1,0.5615174776257477,medium,False,19.122166,20.379103,7.991661,24.431608,-0.031820166794637256,0.031820166794637256,left,1,1
file02,61,1,1,0.5293610718739349,medium,False,27.751873,33.605235,23.918176,6.7827,-0.0953982691720368,0.0953982691720368,left,1,1
file02,63,1,1,0.5632938165405361,medium,False,51.72301,71.053858,45.843626,13.47779,-0.1574469862071495,0.1574469862071495,left,1,1
file02,65,1,1,0.6156865097736671,medium,False,90.039474,125.404788,83.208763,49.811581,-0.16415064159772963,0.16415064159772963,left,1,1
file02,71,0,1,0.5448974310354286,medium,False,20.08494,22.551414,15.555763,18.902308,-0.057849082080304516,0.057849082080304516,right,0,1
file02,81,0,1,0.5531455586726307,medium,False,62.360559,63.667955,27.882547,50.026072,-0.010373811037922625,0.010373811037922625,left,0,1
file02,82,1,1,0.5108323101050833,medium,False,71.672968,93.423559,86.25281,28.535086,-0.1317446905970064,0.1317446905970064,left,1,1
file02,89,1,0,0.17611787769909573,low,False,130.937689,72.453063,95.566137,68.234303,0.28754810696826516,0.28754810696826516,right,1,1
file02,91,0,1,0.5432275984469037,medium,False,42.134012,63.277828,68.587519,27.103598,-0.20058293071648375,0.20058293071648375,right,0,1
file02,112,0,1,0.5228063460709196,medium,False,88.502455,111.947849,74.981944,12.832524,-0.11696362347764952,0.11696362347764952,right,0,1
file02,118,0,1,0.5139165063120996,medium,False,16.993658,10.620959,7.22678,17.754727,0.2307726654049678,0.2307726654049678,left,0,1
file02,124,1,1,0.503100443699079,medium,False,98.471171,117.963923,80.225313,22.374082,-0.09006280612670509,0.09006280612670509,left,1,1
file02,132,0,1,0.5082036609960047,medium,False,17.650527,14.504051,11.083033,6.525598,0.09785467880017959,0.09785467880017959,left,0,1
file02,139,0,1,0.5171390109098508,medium,False,30.144044,39.616753,53.718065,30.604224,-0.13578842661748225,0.13578842661748225,right,0,1
file02,142,0,1,0.5515241798859981,medium,False,43.261855,60.228874,43.429186,10.068449,-0.16394723469435382,0.16394723469435382,right,0,1
file02,148,0,1,0.5095826526575437,medium,False,206.673426,247.305879,158.492306,67.945523,-0.08950287482927691,0.08950287482927691,right,0,1
file03,1,1,1,0.5271994843185274,medium,False,12.922831,7.680048,2.351969,15.425533,0.2544684529541501,0.2544684529541501,right,1,1
file03,10,0,1,0.587204624832609,medium,False,20.66176,31.566188,8.747974,6.489362,-0.20878529999330436,0.20878529999330436,right,0,1
file03,14,1,1,0.5073972966604754,medium,False,14.64655,8.174142,2.90038,6.254325,0.28362013370934874,0.28362013370934874,right,1,1
file03,15,0,0,0.4975019338417043,low,False,18.812577,11.809186,3.613645,2.073531,0.22870632142550637,0.22870632142550637,right,0,1
file03,35,0,1,0.5294659709376051,medium,False,9.576634,8.666571,4.362383,2.783088,0.049885036654193395,0.049885036654193395,right,0,1
file03,41,1,1,0.5566376082799237,medium,False,12.525901,16.43096,2.924643,1.764446,-0.13485781021438029,0.13485781021438029,left,1,1
file03,42,0,1,0.5963118685150943,medium,False,10.646252,22.420126,3.796071,2.098367,-0.35606783554981936,0.35606783554981936,right,0,1
file03,44,1,1,0.5561397603411963,medium,False,18.572701,23.013042,8.01499,7.421082,-0.10677555750836154,0.10677555750836154,left,1,1
file03,45,1,1,0.5458622327474254,medium,False,13.160651,17.006666,9.327965,4.008575,-0.12748945729945232,0.12748945729945232,left,1,1
file03,55,1,1,0.5633992789138709,medium,False,4.780764,9.429836,2.471425,3.165776,-0.32715519913619423,0.32715519913619423,left,1,1
file03,65,1,1,0.56315921577748,medium,False,21.146778,26.717206,6.249978,5.436015,-0.11638036406705375,0.11638036406705375,left,1,1
file03,68,0,1,0.5498590696027605,medium,False,29.32576,29.364154,2.777015,12.135216,-0.0006541839428460624,0.0006541839428460624,right,0,1
file03,70,1,1,0.5096264036298058,medium,False,16.387048,13.097218,13.56414,12.153897,0.1115791686461122,0.1115791686461122,right,1,1
file03,73,0,1,0.5786766457056274,medium,False,28.575879,36.442809,3.785796,4.256722,-0.12099490348075147,0.12099490348075147,right,0,1
file03,76,1,1,0.5541028483494783,medium,False,28.403693,32.445607,6.629156,5.329691,-0.06642498654175176,0.06642498654175176,left,1,1
file03,79,0,1,0.5070699448262217,medium,False,12.670814,11.884238,14.787279,1.996096,0.03203316238006084,0.03203316238006084,right,0,1
file03,85,0,1,0.5768766069706093,medium,False,9.349829,17.438961,3.863033,1.92334,-0.3019595770484752,0.3019595770484752,right,0,1
file03,90,0,0,0.4304518634248286,low,False,37.262699,17.562877,3.531996,2.328423,0.3593180970990966,0.3593180970990966,right,0,1
file03,100,0,1,0.5056788206749364,medium,False,25.594358,16.252749,5.214416,20.379409,0.22323188976404293,0.22323188976404293,left,0,1
file03,104,1,1,0.5414817794354289,medium,False,23.880266,23.247913,5.098841,12.120304,0.013417725870169364,0.013417725870169364,right,1,1
file03,105,1,1,0.5283229920543062,medium,False,11.543244,10.410322,3.450391,1.370163,0.05160537237524994,0.05160537237524994,right,1,1
file03,115,1,1,0.5488117022584746,medium,False,24.3132,27.26556,5.77541,4.285821,-0.057239839475787375,0.057239839475787375,left,1,1
file03,124,0,1,0.5366240078446792,medium,False,10.794489,9.498083,3.975979,9.196254,0.06388573790026533,0.06388573790026533,left,0,1
file03,125,1,1,0.538880086117664,medium,False,18.874274,19.346095,3.103881,2.418136,-0.012344752287850655,0.012344752287850655,left,1,1
file03,128,1,1,0.5212122144646967,medium,False,9.413012,8.146802,6.574247,1.490701,0.07210839066356911,0.07210839066356911,right,1,1
file03,130,1,1,0.5389052900306581,medium,False,10.736148,11.278871,4.168697,3.790696,-0.02465239640936054,0.02465239640936054,left,1,1
file03,134,0,1,0.5161870846197756,medium,False,20.169274,15.033335,3.523999,8.556181,0.1458965400576833,0.1458965400576833,left,0,1
file03,148,1,1,0.5425755027068927,medium,False,12.052898,12.59306,2.4989,3.939187,-0.021916858662306412,0.021916858662306412,left,1,1
file03,149,0,1,0.5165839746522863,medium,False,21.343585,17.363824,5.955904,8.078887,0.10281651497736481,0.10281651497736481,right,0,1
file04,1,0,1,0.5174537710502084,medium,False,10.054814,8.073975,7.473992,2.9784,0.10926482131460508,0.10926482131460508,left,0,1
file04,5,0,1,0.501988049724986,medium,False,12.039609,10.086008,16.260445,5.226046,0.088295883983896,0.088295883983896,right,0,1
file04,7,0,0,0.48214009301772,low,False,31.212868,21.057109,9.34691,12.479274,0.19429430408407672,0.19429430408407672,left,0,1
file04,10,1,1,0.5399384909742867,medium,False,16.081666,17.498531,9.042874,8.893216,-0.0421934677097497,0.0421934677097497,left,1,1
file04,15,0,1,0.5350377490123539,medium,False,14.043336,15.744915,11.581933,8.052202,-0.057122485736994584,0.057122485736994584,right,0,1
file04,16,1,1,0.6004791337586161,medium,False,19.449759,35.269141,15.922037,8.499212,-0.2891026996320704,0.2891026996320704,left,1,1
file04,21,0,0,0.4999463852722532,low,False,14.586888,9.304937,12.269876,10.792434,0.2210777443297971,0.2210777443297971,left,0,1
file04,22,1,1,0.5324436461873099,medium,False,12.534083,14.388728,10.798851,4.186305,-0.0688874921386369,0.0688874921386369,left,1,1
file04,27,0,1,0.5037571891848589,medium,False,51.307141,50.690856,26.246724,17.475572,0.006042128395500517,0.006042128395500517,left,0,1
file04,29,1,1,0.5581579849906383,medium,False,6.945728,14.949477,13.964708,3.971037,-0.36554801082940247,0.36554801082940247,left,1,1
file04,36,0,1,0.5623646401382291,medium,False,14.85064,19.421635,5.58912,7.764143,-0.13337296303286067,0.13337296303286067,left,0,1
file04,40,0,1,0.5086744601140507,medium,False,26.814482,28.667561,22.468889,4.942708,-0.03339961663993485,0.03339961663993485,right,0,1
file04,44,1,1,0.5601675448015898,medium,False,16.744865,21.144988,7.966674,10.59063,-0.1161293205299762,0.1161293205299762,left,1,1
file04,52,1,1,0.5270523878831942,medium,False,6.586619,8.731743,13.398929,3.022135,-0.14003611221381815,0.14003611221381815,left,1,1
file04,54,1,1,0.551910820491024,medium,False,10.462204,14.125791,8.005089,7.240474,-0.14899900748316372,0.14899900748316372,left,1,1
file04,63,1,1,0.5284769793212308,medium,False,5.731434,4.608022,5.776995,5.131219,0.10865290121134989,0.10865290121134989,right,1,1
file04,69,1,1,0.5580748233903786,medium,False,17.9972,27.350435,19.521509,7.4343,-0.20625628643574723,0.20625628643574723,left,1,1
file04,70,1,1,0.5810128765669909,medium,False,10.905395,26.554042,21.029274,2.029449,-0.41774911305396517,0.41774911305396517,left,1,1
file04,72,1,1,0.5389453240399467,medium,False,21.642721,28.436156,23.89707,10.196685,-0.13565469657686816,0.13565469657686816,left,1,1
file04,75,1,1,0.5385810150558424,medium,False,17.194572,20.698472,12.549984,5.027375,-0.09246815609566342,0.09246815609566342,left,1,1
file04,81,1,1,0.5393308537076286,medium,False,22.797732,21.603214,7.484574,16.571609,0.026902984749401823,0.026902984749401823,right,1,1
file04,84,0,1,0.5516858320341187,medium,False,7.641274,10.258698,4.318428,5.375909,-0.14622502503216067,0.14622502503216067,right,0,1
file04,86,1,1,0.5799630898090997,medium,False,6.15944,14.755968,3.78759,2.121177,-0.4110140997003692,0.4110140997003692,left,1,1
file04,89,0,1,0.5239497998383106,medium,False,21.69948,23.413705,18.96115,11.447451,-0.03799831384110178,0.03799831384110178,left,0,1
file04,98,1,1,0.5256409660026139,medium,False,21.034514,19.15638,7.842344,9.46728,0.046730335315996394,0.046730335315996394,right,1,1
file04,103,1,1,0.5567393402384126,medium,False,4.891918,8.065539,4.171882,6.744984,-0.24492620388968261,0.24492620388968261,left,1,1
file04,112,1,1,0.5392334776633178,medium,False,11.779034,11.854363,5.897602,8.71599,-0.003187396073979712,0.003187396073979712,left,1,1
file04,113,0,1,0.6146466816714776,medium,False,6.041914,22.533052,9.828659,7.174282,-0.5771183567771049,0.5771183567771049,right,0,1
file04,114,1,0,0.4891051822633783,low,False,22.929008,16.484421,22.4304,23.631795,0.16351246263012376,0.16351246263012376,right,1,1
file04,118,1,1,0.5389237252787713,medium,False,5.901435,5.364694,2.882983,6.080245,0.04764200306582653,0.04764200306582653,right,1,1
file04,120,0,1,0.5552381913251627,medium,False,16.932795,22.733479,13.330944,9.722124,-0.14623717503092995,0.14623717503092995,right,0,1
file04,121,0,1,0.5505728273493347,medium,False,11.239989,14.802956,7.627537,6.023203,-0.1368112117576867,0.1368112117576867,right,0,1
file04,133,0,1,0.5750561655822028,medium,False,7.889396,14.458122,2.761386,4.894516,-0.2939353581039577,0.2939353581039577,left,0,1
file04,137,0,1,0.5113179647313163,medium,False,16.454472,12.233996,5.255021,3.89155,0.14711401992208087,0.14711401992208087,left,0,1
file04,141,0,1,0.5109456505317816,medium,False,21.291309,16.970342,10.803256,12.949613,0.11293205531219613,0.11293205531219613,left,0,1
file04,142,0,1,0.5235254460505642,medium,False,18.986723,20.368991,15.011062,6.116095,-0.035122421229038775,0.035122421229038775,left,0,1
file04,144,1,1,0.5486773163557248,medium,False,11.719593,15.396759,9.788988,7.576151,-0.13560695274913998,0.13560695274913998,left,1,1
file01,5,0,1,0.5313491640634446,medium,False,25.736947,31.21043,20.925606,2.776091,-0.09611475000657621,0.09611475000657621,right,0,2
file01,15,0,0,0.48597552709117525,low,False,46.211606,42.051399,20.600269,8.316368,0.047134209319814005,0.047134209319814005,right,0,2
file01,16,1,1,0.5354689443964913,medium,False,22.432126,22.823941,13.63722,34.619813,-0.008657734030274153,0.008657734030274153,left,1,2
file01,20,1,1,0.5489073593801377,medium,False,12.982749,19.727402,10.529909,4.533831,-0.20619448665356252,0.20619448665356252,left,1,2
file01,24,1,1,0.5313681655820137,medium,False,20.733829,24.498044,13.163419,3.272269,-0.08322040780357674,0.08322040780357674,left,1,2
file01,33,1,1,0.5144268389963662,medium,False,14.576785,11.426357,11.507998,10.33094,0.1211556618367249,0.1211556618367249,right,1,2
file01,39,0,0,0.49900437210835014,low,False,18.760029,12.419883,6.566493,5.44534,0.20334072131631664,0.20334072131631664,left,0,2
file01,45,0,1,0.5066701200309722,medium,False,31.197094,29.656096,16.265705,8.006037,0.025323207783795567,0.025323207783795567,right,0,2
file01,49,0,1,0.5495128295512122,medium,False,22.731496,30.384423,14.345175,13.136844,-0.14407972223770202,0.14407972223770202,left,0,2
file01,50,1,0,0.4762383071959685,low,False,36.269446,23.698167,24.395962,37.049429,0.20963447036595453,0.20963447036595453,right,1,2
file01,57,1,1,0.5174333739619199,medium,False,25.133157,22.981424,15.893712,23.837735,0.04472101617759041,0.04472101617759041,right,1,2
file01,59,0,1,0.5471367082280406,medium,False,20.008573,29.002351,29.808437,7.12906,-0.18350557554259592,0.18350557554259592,right,0,2
file01,71,1,1,0.5286183991113167,medium,False,17.005304,17.291978,11.408997,15.673053,-0.00835850466639009,0.00835850466639009,left,1,2
file01,76,0,1,0.5092830704263418,medium,False,16.643578,12.648644,6.614982,5.936972,0.13638206973912495,0.13638206973912495,right,0,2
file01,87,0,1,0.5127461860869614,medium,False,17.108072,14.58815,6.78283,3.081072,0.07950228012971765,0.07950228012971765,left,0,2
file01,91,1,1,0.5359489431623282,medium,False,11.045101,13.252558,7.876435,7.15854,-0.09085060042818936,0.09085060042818936,left,1,2
file01,98,0,1,0.5397200433957512,medium,False,4.094135,5.12514,5.071714,11.834691,-0.11183144967131915,0.11183144967131915,left,0,2
file01,99,1,1,0.532717930399871,medium,False,14.440578,16.466815,10.690392,8.26381,-0.06555832562266492,0.06555832562266492,left,1,2
file01,100,1,1,0.5344780455564445,medium,False,15.103482,19.413894,23.955074,5.844181,-0.12487658028012963,0.12487658028012963,left,1,2
file01,102,1,1,0.5160151019356548,medium,False,15.529139,13.200222,8.418095,6.869595,0.08106399995934474,0.08106399995934474,right,1,2
file01,104,1,0,0.4916701509934212,low,False,27.28526,20.524465,10.89856,7.66809,0.1414104527601769,0.1414104527601769,right,1,2
file01,106,1,1,0.5002678211454757,medium,False,24.63617,19.381213,10.016907,9.455076,0.11938367350499525,0.11938367350499525,right,1,2
file01,113,0,1,0.5357720303666801,medium,False,11.120208,13.860595,11.0474,5.516176,-0.10969971182672902,0.10969971182672902,left,0,2
file01,116,1,1,0.5439498642740455,medium,False,23.221611,29.714085,12.091364,9.90531,-0.12264831423679945,0.12264831423679945,left,1,2
file01,117,1,0,0.463147563571314,low,False,32.635982,17.757592,13.782399,18.002943,0.2952437885186752,0.2952437885186752,right,1,2
file01,118,1,1,0.5155600089700948,medium,False,22.629162,20.175606,10.17244,15.994835,0.05731968790673775,0.05731968790673775,right,1,2
file01,126,0,1,0.552893615738531,medium,False,19.188597,27.960473,14.873318,8.233235,-0.18604557447165818,0.18604557447165818,left,0,2
file01,130,1,0,0.48213224281503503,low,False,46.871755,38.876303,17.788091,25.381603,0.09324353336091258,0.09324353336091258,right,1,2
file01,132,0,1,0.5363635736994338,medium,False,24.5557,28.969915,18.409409,15.553968,-0.0824692050251229,0.0824692050251229,right,0,2
file01,148,0,1,0.5555887333757542,medium,False,10.734055,19.512734,14.902151,3.491954,-0.2902350629604,0.2902350629604,right,0,2
file02,0,0,1,0.5093253881635557,medium,False,33.20568,31.65019,15.256593,14.375659,0.0239837963166049,0.0239837963166049,left,0,2
file02,3,1,1,0.526065284610667,medium,False,30.380552,27.517621,8.697681,44.913134,0.049447690699192054,0.049447690699192054,right,1,2
file02,5,0,0,0.47391958266729645,low,False,49.294794,42.250529,25.218233,12.263491,0.07694838679035101,0.07694838679035101,right,0,2
file02,10,0,1,0.5174534283657874,medium,False,28.176701,27.179145,12.289125,17.478202,0.01802078830082761,0.01802078830082761,right,0,2
file02,14,0,1,0.5184266586084849,medium,False,17.519963,15.842386,35.306756,26.467129,0.05028353818001433,0.05028353818001433,left,0,2
file02,16,1,1,0.5394711620458508,medium,False,13.592945,16.706433,5.102647,8.578297,-0.1027574855577073,0.1027574855577073,left,1,2
file02,21,1,1,0.6815122078404158,medium,False,135.82396,213.988884,153.512896,19.264907,-0.22344783822903933,0.22344783822903933,left,1,2
file02,24,0,0,0.4840522494132931,low,False,57.958306,54.010362,51.438891,36.658151,0.03525936349212117,0.03525936349212117,right,0,2
file02,25,1,1,0.5486112138487154,medium,False,10.071547,12.152509,6.162235,28.192843,-0.09363555898007278,0.09363555898007278,left,1,2
file02,27,0,1,0.524174612466826,medium,False,11.323552,10.83032,9.161365,5.065032,0.022263917464905525,0.022263917464905525,right,0,2
file02,28,0,0,0.34724134091790554,low,False,217.153911,205.389187,127.719357,66.374935,0.0278426603767584,0.0278426603767584,right,0,2
file02,35,1,1,0.6372555841349835,medium,False,168.544597,231.335239,112.341537,42.651178,-0.15702377612002474,0.15702377612002474,left,1,2
file02,36,1,1,0.6713506853072292,medium,False,188.431422,269.143177,134.520138,29.247268,-0.17639037437829808,0.17639037437829808,left,1,2
file02,40,0,0,0.49311270104779603,low,False,116.060102,122.261309,90.689279,77.365006,-0.02602035187673358,0.02602035187673358,right,0,2
file02,41,0,0,0.14138225814013491,low,False,428.263901,376.82105,276.486304,142.140179,0.06389741961044623,0.06389741961044623,right,0,2
file02,45,1,0,0.4878732717232436,low,False,46.251638,39.620036,43.204309,42.32274,0.07722688534956376,0.07722688534956376,right,1,2
file02,46,0,0,0.4816425327104764,low,False,49.502444,48.254661,155.897673,72.758206,0.012764115582554155,0.012764115582554155,right,0,2
file02,48,1,1,0.5183867421283674,medium,False,49.959163,55.319336,29.355548,13.353335,-0.05091422275203392,0.05091422275203392,left,1,2
file02,51,0,1,0.5018042930016477,medium,False,44.969641,46.133127,23.734496,2.204238,-0.012771137614928027,0.012771137614928027,left,0,2
file02,56,1,1,0.5871066965767131,medium,False,50.570885,78.701725,61.818975,9.487168,-0.21760866267333304,0.21760866267333304,left,1,2
file02,58,1,0,0.4727946798484617,low,False,100.058386,103.204473,53.743427,19.618138,-0.015477923512440957,0.015477923512440957,left,1,2
file02,62,0,0,0.45048179696719803,low,False,46.802475,33.591081,34.508877,14.055731,0.16433399009823632,0.16433399009823632,right,0,2
file02,73,0,1,0.5752645214591391,medium,False,54.897185,78.487234,56.110061,18.772627,-0.17685760450883245,0.17685760450883245,right,0,2
file02,74,0,1,0.5818058026323448,medium,False,139.925094,184.887765,131.78059,36.248457,-0.1384263880438724,0.1384263880438724,right,0,2
file02,76,1,1,0.5718616818483211,medium,False,106.282335,140.054211,94.659281,29.217543,-0.1370964901931503,0.1370964901931503,left,1,2
file02,77,1,1,0.5556800832165154,medium,False,62.845158,80.606861,51.120623,27.307241,-0.12381633245736098,0.12381633245736098,left,1,2
file02,78,1,1,0.5776959441791739,medium,False,35.081399,55.990582,43.233338,9.959847,-0.22958963383491543,0.22958963383491543,left,1,2
file02,80,0,0,0.45771796707554835,low,False,58.40008,48.834484,42.232353,21.237943,0.08920254397451045,0.08920254397451045,right,0,2
file02,88,0,0,0.3099754487086386,low,False,123.388555,85.940897,66.961412,14.190445,0.17889340206702775,0.17889340206702775,right,0,2
file02,92,1,0,0.4831665361998155,low,False,58.223473,51.709507,40.234598,44.829244,0.05925397401895248,0.05925397401895248,right,1,2
file02,98,1,1,0.5846470685780008,medium,False,161.821847,208.922428,99.206443,31.120085,-0.12704331273343786,0.12704331273343786,left,1,2
file02,119,0,1,0.5181405983086109,medium,False,32.284738,29.36661,21.923179,41.989675,0.04733275179428752,0.04733275179428752,right,0,2
file02,122,0,1,0.5324901094984054,medium,False,10.842497,11.482034,16.986133,16.878253,-0.02864727466627299,0.02864727466627299,left,0,2
file02,131,1,1,0.5313398560208215,medium,False,117.544536,142.497721,94.3381,26.905894,-0.09595819230272958,0.09595819230272958,left,1,2
file02,136,0,1,0.5086740529689336,medium,False,31.104022,29.001034,17.448396,15.83504,0.034988536821452476,0.034988536821452476,right,0,2
file02,137,0,1,0.5275249261768711,medium,False,33.942059,36.676338,32.676103,30.62179,-0.03871907431261753,0.03871907431261753,right,0,2
file02,138,1,1,0.500300620882683,medium,False,95.958107,89.957408,40.451522,114.197583,0.032276483045126786,0.032276483045126786,right,1,2
file02,141,0,0,0.32744141636019536,low,False,108.37681,69.150613,64.048925,42.32151,0.22095852075226416,0.22095852075226416,right,0,2
file02,145,0,1,0.5433402422474729,medium,False,368.123339,440.082758,259.850669,131.533132,-0.08903597631603125,0.08903597631603125,right,0,2
file03,3,1,0,0.49172841617780805,low,False,22.274358,13.313363,1.39761,10.289901,0.2518001854684601,0.2518001854684601,right,1,2
file03,7,1,1,0.5241518091742199,medium,False,14.421298,14.54815,6.172856,2.555622,-0.004378819907827709,0.004378819907827709,left,1,2
file03,9,0,1,0.5318036380376567,medium,False,9.378368,10.285163,1.448289,2.262918,-0.04611557069197948,0.04611557069197948,left,0,2
file03,13,1,1,0.5318059433456112,medium,False,10.7349,11.768333,2.643009,3.741131,-0.045923754781201684,0.045923754781201684,left,1,2
file03,16,1,0,0.46663304433906616,low,False,30.526232,17.198445,3.676459,5.201024,0.2792640528658989,0.2792640528658989,right,1,2
file03,19,1,1,0.5081791831646961,medium,False,14.703645,9.86142,5.304564,6.469892,0.1971183387009829,0.1971183387009829,right,1,2
file03,27,1,1,0.5517135232263565,medium,False,5.278197,11.005786,2.984368,2.586298,-0.3517314313254054,0.3517314313254054,left,1,2
file03,31,1,1,0.5516777353896576,medium,False,15.199653,22.911359,5.909727,2.687353,-0.20234849176011147,0.20234849176011147,left,1,2
file03,36,0,1,0.5280997861715244,medium,False,20.554441,22.591645,3.431311,2.240342,-0.047216425443169376,0.047216425443169376,right,0,2
file03,38,0,0,0.404328390984804,low,False,44.02493,17.20703,12.165602,1.930467,0.4379722543917873,0.4379722543917873,right,0,2
file03,56,0,1,0.5441951012003774,medium,False,17.172239,22.410181,4.800185,6.977387,-0.13233000578716497,0.13233000578716497,right,0,2
file03,57,1,1,0.5292981982575757,medium,False,14.152881,15.142704,2.972021,3.656957,-0.033787444975499015,0.033787444975499015,left,1,2
file03,66,1,1,0.5421269895490962,medium,False,10.730828,14.669703,1.274072,2.230171,-0.15507057096284438,0.15507057096284438,left,1,2
file03,80,0,1,0.5103592176741552,medium,False,12.373317,7.956598,2.267452,2.960197,0.21725220114042776,0.21725220114042776,right,0,2
file03,82,0,1,0.508809687149008,medium,False,14.547765,10.483415,5.425045,2.430822,0.16237148379055705,0.16237148379055705,right,0,2
file03,84,0,1,0.5134241630194439,medium,False,13.737668,10.62869,5.204599,3.288843,0.12759304744709699,0.12759304744709699,right,0,2
file03,87,1,1,0.5335572990687155,medium,False,11.552667,13.380153,1.170929,1.647444,-0.07329639915194515,0.07329639915194515,left,1,2
file03,88,0,1,0.513859150001137,medium,False,10.989873,7.363008,4.443763,3.83479,0.1976182814230484,0.1976182814230484,right,0,2
file03,93,0,1,0.5186669929070737,medium,False,10.050009,7.926856,8.29255,3.956672,0.11810473527476921,0.11810473527476921,right,0,2
file03,96,1,1,0.5367786042633526,medium,False,5.323974,6.83273,3.011783,3.588028,-0.1241089588009251,0.1241089588009251,left,1,2
file03,98,1,0,0.4971431440209897,low,False,23.768101,18.063454,6.739932,3.793112,0.13637185764737036,0.13637185764737036,right,1,2
file03,101,0,1,0.5613740029549814,medium,False,14.194403,22.10732,2.391216,15.242101,-0.21797634183985318,0.21797634183985318,left,0,2
file03,120,0,1,0.5165915653898336,medium,False,12.568654,10.186239,4.351653,2.278545,0.10469901551727727,0.10469901551727727,right,0,2
file03,127,0,1,0.5495566296715566,medium,False,10.965693,17.188293,4.130725,2.678944,-0.22102020577050066,0.22102020577050066,right,0,2
file03,129,1,1,0.529732799049303,medium,False,23.388226,24.970914,6.546715,13.266954,-0.032727793903535245,0.032727793903535245,left,1,2
file03,136,0,1,0.5144603193181781,medium,False,26.723981,25.593075,5.081558,6.795642,0.021616391763015257,0.021616391763015257,right,0,2
file03,137,0,1,0.5303642904393966,medium,False,8.534914,8.98607,2.851247,2.637916,-0.025749465569429985,0.025749465569429985,right,0,2
file03,140,0,1,0.5275566795811836,medium,False,7.295323,6.311637,3.005397,5.70734,0.07229285069605179,0.07229285069605179,left,0,2
file04,0,0,1,0.5236041752536913,medium,False,20.200177,20.817027,6.876117,5.362917,-0.015038811152539513,0.015038811152539513,right,0,2
file04,11,1,1,0.5013030018571788,medium,False,24.014574,16.765697,6.181561,21.045446,0.17775450345206134,0.17775450345206134,right,1,2
file04,13,0,1,0.5726715746650914,medium,False,8.905321,22.44153,17.121034,2.507648,-0.43182036269543106,0.43182036269543106,right,0,2
file04,14,1,1,0.5334895365881565,medium,False,26.29932,32.340537,23.081412,4.890798,-0.10302236748254057,0.10302236748254057,left,1,2
file04,24,1,1,0.5244117838733293,medium,False,12.842809,11.588804,7.915755,11.326798,0.0513271452307654,0.0513271452307654,right,1,2
file04,31,1,0,0.4523309505707622,low,False,50.470422,37.622135,12.575462,4.95668,0.1458498571468432,0.1458498571468432,right,1,2
file04,32,1,1,0.5507994708564186,medium,False,9.713338,16.45483,9.208365,3.383488,-0.2576218458387364,0.2576218458387364,left,1,2
file04,45,0,0,0.45974262996816173,low,False,45.495654,31.699995,14.917046,20.149091,0.17871031593101425,0.17871031593101425,left,0,2
file04,56,1,1,0.5361249118633374,medium,False,7.67791,10.171394,8.75468,2.392128,-0.13969641955246995,0.13969641955246995,left,1,2
file04,68,1,1,0.5397441198380469,medium,False,13.792017,18.373876,16.903357,7.36428,-0.14244463405867097,0.14244463405867097,left,1,2
file04,73,1,1,0.5088469512719653,medium,False,21.668071,18.137202,9.228049,9.493991,0.08870354717317115,0.08870354717317115,right,1,2
file04,76,0,1,0.5250163769481773,medium,False,14.976323,15.161542,6.208832,4.347175,-0.006145723788140807,0.006145723788140807,left,0,2
file04,78,0,0,0.47408711856755337,low,False,29.732695,19.639735,16.848932,4.951248,0.20442501605805066,0.20442501605805066,right,0,2
file04,80,1,1,0.5445538327865257,medium,False,10.94383,15.377211,8.021439,7.90886,-0.16843485907586792,0.16843485907586792,left,1,2
file04,87,1,1,0.5356972851770879,medium,False,18.600957,24.296188,27.394428,5.159375,-0.13276479978411618,0.13276479978411618,left,1,2
file04,110,0,1,0.5291346161756112,medium,False,16.109948,17.090117,5.050576,6.972917,-0.029523103960094547,0.029523103960094547,right,0,2
file04,119,0,0,0.42343532467302336,low,False,44.245027,25.020668,45.673025,9.104618,0.2775451646367634,0.2775451646367634,right,0,2
file04,134,1,1,0.5475969580614686,medium,False,10.873018,16.799665,10.924551,5.401505,-0.21416957603389686,0.21416957603389686,left,1,2
file04,135,1,1,0.508147520271193,medium,False,16.242489,12.185933,6.172307,3.604203,0.14269366964182287,0.14269366964182287,right,1,2
file04,139,1,1,0.5040601096361704,medium,False,36.942411,35.091688,16.620957,12.120075,0.02569231794386273,0.02569231794386273,right,1,2
file04,146,1,1,0.5071034125436493,medium,False,10.587351,5.303646,8.827724,5.088056,0.3324967380903327,0.3324967380903327,right,1,2
file04,147,1,1,0.5243673400161788,medium,False,17.238708,16.288359,11.773113,16.709194,0.028345723521066596,0.028345723521066596,right,1,2
file04,149,1,1,0.5402618213609479,medium,False,8.139189,11.435449,10.28304,5.998043,-0.16839442096480042,0.16839442096480042,left,1,2
file01,21,1,1,0.5265060784065345,medium,False,24.443862,23.461728,11.884477,9.017509,0.02050144835912782,0.02050144835912782,right,1,3
file01,25,0,0,0.45541381892000377,low,False,20.730729,13.720658,26.190456,3.174459,0.2034771719502274,0.2034771719502274,right,0,3
file01,27,1,1,0.5132657776634084,medium,False,19.030417,13.455565,7.121117,7.17633,0.17160792086851737,0.17160792086851737,right,1,3
file01,28,1,0,0.47060508573705073,low,False,28.539965,16.045221,13.373734,10.891415,0.28024428831037534,0.28024428831037534,right,1,3
file01,32,0,1,0.5327672509716737,medium,False,8.991599,9.904492,8.718088,3.286388,-0.04831120635949479,0.04831120635949479,right,0,3
file01,34,1,1,0.5073841213849435,medium,False,15.789818,8.787316,6.7533,11.311299,0.28491937729926614,0.28491937729926614,right,1,3
file01,36,0,1,0.5345335335290279,medium,False,16.933745,16.406999,7.873024,7.866064,0.015798867121895425,0.015798867121895425,left,0,3
file01,41,0,1,0.5464063118688487,medium,False,21.218872,23.991662,11.138635,13.303026,-0.06133061685733205,0.06133061685733205,left,0,3
file01,44,1,1,0.5581182193274166,medium,False,11.080823,18.233501,11.007446,4.556562,-0.24399940984484547,0.24399940984484547,left,1,3
file01,61,1,1,0.5270147795879574,medium,False,12.813558,12.269349,9.368336,5.08134,0.021696407768987565,0.021696407768987565,right,1,3
file01,62,0,1,0.5475492766371062,medium,False,8.738978,12.155304,8.999658,11.963478,-0.16350529951183299,0.16350529951183299,left,0,3
file01,64,1,1,0.5248920819866197,medium,False,14.328498,15.806778,14.902243,9.535244,-0.049054800458612005,0.049054800458612005,left,1,3
file01,79,0,0,0.4816835772328019,low,False,22.362338,17.40632,20.248865,3.065099,0.12462119982471626,0.12462119982471626,left,0,3
file01,82,1,1,0.5023025720361721,medium,False,18.869382,36.222969,53.725253,12.389286,-0.31499085390291554,0.31499085390291554,left,1,3
file01,84,1,1,0.5340728503343994,medium,False,22.465231,24.838232,13.941046,4.555286,-0.05016548048151404,0.05016548048151404,left,1,3
file01,88,1,1,0.5270701100084383,medium,False,14.647434,14.358716,10.504524,6.926425,0.009953681893195728,0.009953681893195728,right,1,3
file01,103,0,1,0.5034180710191369,medium,False,17.773558,19.793135,24.192885,6.075397,-0.053759774549232316,0.053759774549232316,left,0,3
file01,107,1,1,0.5274573848450289,medium,False,36.15053,38.995511,22.52947,18.566904,-0.03785935924609306,0.03785935924609306,left,1,3
file01,108,0,1,0.5454181498119399,medium,False,20.740621,30.160551,21.806503,3.140048,-0.18506312221920704,0.18506312221920704,right,0,3
file01,110,1,1,0.5340330086103573,medium,False,17.000017,15.056707,6.501431,13.904518,0.06062097734562717,0.06062097734562717,right,1,3
file01,123,1,1,0.5448805379841771,medium,False,8.901624,10.757093,5.540481,1.767738,-0.09438402850073943,0.09438402850073943,left,1,3
file01,124,0,1,0.5104574374304769,medium,False,19.510077,15.296491,11.037311,8.864207,0.1210572061842694,0.1210572061842694,right,0,3
file01,127,0,0,0.48412425409013904,low,False,54.789358,50.978116,34.022416,37.876534,0.03603415889431038,0.03603415889431038,left,0,3
file01,137,0,1,0.535029626050931,medium,False,12.822388,13.541735,9.002597,7.436799,-0.02728507118233851,0.02728507118233851,left,0,3
file01,139,0,1,0.5305880722345392,medium,False,7.849255,10.505059,12.951327,6.213839,-0.14469643786760764,0.14469643786760764,right,0,3
file01,140,0,1,0.5521844517158012,medium,False,25.819637,32.550849,16.415937,9.215768,-0.11531875689164628,0.11531875689164628,right,0,3
file01,141,1,1,0.5396608212399394,medium,False,18.994608,23.206235,14.392694,4.435647,-0.0997995916858914,0.0997995916858914,left,1,3
file01,143,0,0,0.4879741647624133,low,False,30.308959,30.551321,29.968099,9.022985,-0.003982268829813651,0.003982268829813651,left,0,3
file02,2,0,1,0.5314249045563326,medium,False,6.257192,6.346113,6.947636,2.042185,-0.0070553710272526935,0.0070553710272526935,left,0,3
file02,13,1,1,0.5114374162939074,medium,False,16.241896,12.838504,11.80724,11.076154,0.11703387446411072,0.11703387446411072,right,1,3
file02,15,1,1,0.5460083323128073,medium,False,30.622221,40.150331,24.958548,9.713734,-0.13463001680891745,0.13463001680891745,left,1,3
file02,29,0,1,0.5313718361268854,medium,False,51.083121,55.592394,30.490654,38.338327,-0.042270927473179516,0.042270927473179516,left,0,3
file02,34,1,1,0.5773764362013417,medium,False,200.323603,250.168948,125.728389,31.751213,-0.11064632429261563,0.11064632429261563,left,1,3
file02,53,1,1,0.5380457273851541,medium,False,6.538183,8.204844,8.36059,8.175115,-0.11304740111732811,0.11304740111732811,left,1,3
file02,54,1,0,0.4825408594808588,low,False,22.415984,15.460382,19.847018,24.555218,0.18363962942908443,0.18363962942908443,right,1,3
file02,66,0,0,0.15566057898278596,low,False,178.309579,128.244659,126.756628,15.288815,0.16331504716201295,0.16331504716201295,right,0,3
file02,68,1,1,0.5448121147096596,medium,False,55.671309,55.839048,16.028437,23.590697,-0.0015042459105009548,0.0015042459105009548,left,1,3
file02,72,0,0,0.3525904375216104,low,False,96.060619,75.434206,61.379168,23.068522,0.12027425830327966,0.12027425830327966,right,0,3
file02,79,0,0,0.28900612388314906,low,False,105.205133,64.340475,55.761303,31.925096,0.2410245729218502,0.2410245729218502,right,0,3
file02,83,1,1,0.5171205470423461,medium,False,35.104841,41.899325,31.840518,9.087248,-0.08823527692988352,0.08823527692988352,left,1,3
file02,84,1,1,0.5130996992171484,medium,False,67.638412,84.053973,59.347288,18.851927,-0.10821611705679147,0.10821611705679147,left,1,3
file02,86,1,1,0.5784300180163328,medium,False,123.138021,153.858209,76.137083,43.413059,-0.11090471480097502,0.11090471480097502,left,1,3
file02,87,0,0,0.4924730034145363,low,False,60.062792,79.995606,73.161,26.23961,-0.14231787698786985,0.14231787698786985,right,0,3
file02,96,1,1,0.5888661893387641,medium,False,64.348935,93.687224,52.912815,18.138648,-0.1856428870455977,0.1856428870455977,left,1,3
file02,97,1,1,0.5581111610066853,medium,False,35.515616,48.317439,31.798521,36.992173,-0.15270614732212553,0.15270614732212553,left,1,3
file02,99,0,1,0.6481728869138292,medium,False,223.218634,251.403743,66.426119,52.926812,-0.059384281707846445,0.059384281707846445,right,0,3
file02,102,0,0,0.3052346376420874,low,False,107.717868,85.761591,83.390306,32.745961,0.11348117779530706,0.11348117779530706,right,0,3
file02,104,1,1,0.5656914712437774,medium,False,33.459869,51.309106,35.542338,24.465846,-0.21056331976925147,0.21056331976925147,left,1,3
file02,105,0,1,0.503679055734058,medium,False,43.199662,57.404642,58.934614,50.502173,-0.14119654223544417,0.14119654223544417,right,0,3
file02,110,0,0,0.31122612336255007,low,False,286.141503,311.235857,220.593585,133.316344,-0.04200754102564662,0.04200754102564662,left,0,3
file02,113,1,1,0.5125712664135843,medium,False,44.135953,40.009172,24.672222,63.779254,0.049043613054902326,0.049043613054902326,right,1,3
file02,115,1,0,0.20566280604784787,low,False,94.410072,106.62059,197.895245,64.304943,-0.060739579812259824,0.060739579812259824,left,1,3
file02,116,0,1,0.5207288847283154,medium,False,24.055354,19.747754,9.345995,17.427881,0.09834005161597092,0.09834005161597092,left,0,3
file02,123,1,1,0.5030167823121416,medium,False,66.4996,68.450635,36.162891,15.772545,-0.0144574404449356,0.0144574404449356,left,1,3
file02,127,1,1,0.5555191722913682,medium,False,195.866786,189.033522,42.92574,108.191847,0.017753334669315595,0.017753334669315595,right,1,3
file02,129,1,1,0.5408957398479662,medium,False,79.209602,114.942,91.170603,48.395285,-0.18404379591962466,0.18404379591962466,left,1,3
file02,130,0,1,0.5237275429350455,medium,False,8.327121,6.040963,6.06793,2.44254,0.15911361882951003,0.15911361882951003,right,0,3
file02,135,1,1,0.5294677705386772,medium,False,10.826405,10.298323,7.969779,4.636826,0.024998285185102234,0.024998285185102234,right,1,3
file02,143,0,0,0.466083812605354,low,False,93.983443,90.961458,50.833738,39.105646,0.016339920524005583,0.016339920524005583,left,0,3
file02,147,1,1,0.5212879869423136,medium,False,103.649213,111.169827,54.355242,59.00329,-0.035009066072499574,0.035009066072499574,left,1,3
file02,149,1,0,0.4203302624684437,low,False,208.513073,233.938078,150.351348,75.400598,-0.05746398192223489,0.05746398192223489,left,1,3
file03,2,0,1,0.572743241635255,medium,False,12.696357,18.026645,2.242627,3.589945,-0.17349501935081013,0.17349501935081013,left,0,3
file03,5,0,1,0.5611862211786137,medium,False,11.671875,14.603442,3.566942,12.300501,-0.1115711330306259,0.1115711330306259,left,0,3
file03,12,1,1,0.5600980586415675,medium,False,14.643364,17.575814,2.902744,1.893948,-0.0910156649242987,0.0910156649242987,left,1,3
file03,18,0,1,0.5228392164830165,medium,False,21.828511,17.284674,6.928369,13.091907,0.11617148753875484,0.11617148753875484,left,0,3
file03,21,0,1,0.5346557154294256,medium,False,10.303833,8.452514,3.195942,2.899739,0.09870359624378895,0.09870359624378895,right,0,3
file03,24,1,1,0.5345103646647094,medium,False,7.756401,6.247352,3.297321,2.690325,0.10776031912585726,0.10776031912585726,right,1,3
file03,28,0,0,0.48974223546183676,low,False,24.78577,11.57937,2.371824,0.896771,0.363160973306827,0.363160973306827,right,0,3
file03,33,1,1,0.5438183353621769,medium,False,12.078013,11.735014,2.953401,3.73203,0.014403838100723718,0.014403838100723718,right,1,3
file03,37,0,1,0.5264104713975679,medium,False,24.020485,18.744259,2.772918,1.355646,0.12337793666254765,0.12337793666254765,right,0,3
file03,46,1,1,0.5718084087779196,medium,False,6.003522,15.640353,8.739485,2.000362,-0.4452451584919447,0.4452451584919447,left,1,3
file03,47,1,1,0.5650700150978284,medium,False,9.138057,13.50142,2.677003,3.470787,-0.1927324914470201,0.1927324914470201,left,1,3
file03,49,0,1,0.575028808873746,medium,False,7.794259,15.97743,5.303802,2.428329,-0.3442401865412177,0.3442401865412177,right,0,3
file03,50,1,1,0.551639743272928,medium,False,9.016357,11.623083,4.304814,1.538517,-0.12629828491963518,0.12629828491963518,left,1,3
file03,51,1,1,0.5771903023857681,medium,False,10.354991,18.152409,4.327363,2.543003,-0.27352258453866063,0.27352258453866063,left,1,3
file03,52,0,1,0.5484823544148592,medium,False,18.947816,18.329569,2.104648,3.583345,0.016585041665743417,0.016585041665743417,right,0,3
file03,58,0,1,0.6071417296519755,medium,False,18.000551,31.644213,4.928284,3.275314,-0.27482579482448954,0.27482579482448954,right,0,3
file03,60,1,1,0.554316105842675,medium,False,8.42747,10.501431,2.232963,1.818993,-0.10956583746907246,0.10956583746907246,left,1,3
file03,69,1,1,0.5632800886551833,medium,False,11.828572,19.592859,11.408436,11.338038,-0.24710162795890403,0.24710162795890403,left,1,3
file03,72,0,1,0.5537051553841756,medium,False,6.479273,9.078934,3.097433,2.361622,-0.1670925726150467,0.1670925726150467,right,0,3
file03,74,1,1,0.5737748960013684,medium,False,12.651218,18.857458,3.295214,2.811082,-0.19696923485552886,0.19696923485552886,left,1,3
file03,97,1,1,0.5411231468007758,medium,False,15.050646,13.567946,2.424055,3.001315,0.051808976073701496,0.051808976073701496,right,1,3
file03,108,1,1,0.5178092910714431,medium,False,12.699347,7.475184,4.153817,3.923546,0.2589484107983273,0.2589484107983273,right,1,3
file03,113,0,1,0.5685591658059325,medium,False,15.16093,19.947868,3.355395,3.333582,-0.1363458203170094,0.1363458203170094,right,0,3
file03,116,0,1,0.637684725279868,medium,False,40.621819,61.897728,11.635902,5.520467,-0.20753026534997987,0.20753026534997987,right,0,3
file03,135,1,1,0.5523172227384706,medium,False,13.238339,14.676937,3.296365,4.422798,-0.05153443399469046,0.05153443399469046,left,1,3
file03,141,0,1,0.5568452543090882,medium,False,11.07432,13.923136,3.237592,1.85972,-0.11396423244172395,0.11396423244172395,right,0,3
file03,143,0,1,0.5290667915139541,medium,False,9.909429,6.402234,1.885815,0.791835,0.21501147890245895,0.21501147890245895,right,0,3
file03,144,1,1,0.5476458595694349,medium,False,7.054608,8.315121,3.022537,1.836727,-0.08201269638438669,0.08201269638438669,left,1,3
file03,146,0,0,0.02787182332641804,low,False,226.615754,7.307607,3.978103,2.299154,0.9375213536816388,0.9375213536816388,right,0,3
file03,147,0,1,0.5747408229662025,medium,False,15.046959,21.236933,3.37467,2.657934,-0.1705983974762576,0.1705983974762576,right,0,3
file04,4,1,1,0.5017593868121688,medium,False,16.503765,11.018048,10.976612,6.373717,0.19932250832012746,0.19932250832012746,right,1,3
file04,6,1,1,0.5331221987385405,medium,False,9.168208,12.202068,12.494251,3.429202,-0.14196633950977802,0.14196633950977802,left,1,3
file04,8,0,1,0.5030639820086861,medium,False,16.533623,7.937385,7.048202,19.760106,0.3512825319135799,0.3512825319135799,right,0,3
file04,17,0,1,0.5704546297099699,medium,False,38.331048,42.980964,8.22089,8.964174,-0.05718608885011858,0.05718608885011858,right,0,3
file04,19,1,1,0.5753401056257056,medium,False,16.260139,27.589694,13.088217,4.832113,-0.2583716736533142,0.2583716736533142,left,1,3
file04,20,0,0,0.4709282149989918,low,False,26.791345,14.961672,13.013991,4.381557,0.28332498024454184,0.28332498024454184,right,0,3
file04,28,1,1,0.5808367127308924,medium,False,12.564227,23.341685,8.742369,2.262284,-0.3001583054022327,0.3001583054022327,left,1,3
file04,34,0,1,0.5301750341894191,medium,False,7.755968,6.554993,6.095521,6.263516,0.08391993494217934,0.08391993494217934,right,0,3
file04,42,0,1,0.5667812731473704,medium,False,18.097039,23.175909,6.261883,9.806046,-0.1230556605005376,0.1230556605005376,left,0,3
file04,53,0,1,0.5579449421292482,medium,False,13.141863,19.735669,10.501154,4.581643,-0.20055659285628277,0.20055659285628277,right,0,3
file04,61,0,1,0.5133397302042342,medium,False,22.734752,16.781479,10.253081,25.7455,0.15065386294928118,0.15065386294928118,left,0,3
file04,62,1,1,0.523702954860114,medium,False,26.29889,20.128246,4.015267,9.567819,0.13291028477590594,0.13291028477590594,right,1,3
file04,65,0,1,0.5086422358643885,medium,False,18.877048,16.016899,13.893141,7.923968,0.08196690726999421,0.08196690726999421,right,0,3
file04,71,0,1,0.5470643701802358,medium,False,13.288439,18.222304,12.523672,9.645367,-0.1565772296585571,0.1565772296585571,right,0,3
file04,90,1,1,0.5241661089489946,medium,False,23.066007,24.500342,16.901491,9.221661,-0.030154405372705723,0.030154405372705723,left,1,3
file04,91,0,1,0.5371754796632161,medium,False,12.006825,14.120471,10.172527,5.189172,-0.08089799721723992,0.08089799721723992,right,0,3
file04,94,1,1,0.549633276290448,medium,False,11.575495,17.338699,11.680829,3.566873,-0.19932092178253616,0.19932092178253616,left,1,3
file04,96,0,0,0.49187783697949927,low,False,19.421014,10.053078,9.566748,14.095671,0.31783627743863063,0.31783627743863063,left,0,3
file04,101,0,0,0.49383529762008915,low,False,36.331607,28.924238,16.561094,17.659552,0.11351272650729255,0.11351272650729255,right,0,3
file04,105,1,1,0.5509744005000919,medium,False,9.199225,14.974676,11.27282,7.132755,-0.23891265051045543,0.23891265051045543,left,1,3
file04,108,1,1,0.5536049934402836,medium,False,14.685173,21.786224,13.995455,8.101723,-0.1947019140862108,0.1947019140862108,left,1,3
file04,109,1,1,0.5279891409355606,medium,False,16.585256,19.456089,16.694327,9.30594,-0.07965387863150276,0.07965387863150276,left,1,3
file04,122,1,1,0.502541355802439,medium,False,36.251913,41.070798,34.226751,10.305032,-0.06232172767039006,0.06232172767039006,left,1,3
file04,127,1,1,0.5332929869795934,medium,False,14.45172,14.029597,8.000728,7.819464,0.014821048660739616,0.014821048660739616,right,1,3
file04,128,0,0,0.499522344521063,low,False,22.11325,15.219879,10.46072,6.378174,0.18464487172653352,0.18464487172653352,left,0,3
file04,129,1,1,0.5382900906457466,medium,False,7.011144,7.635553,5.576994,2.721854,-0.042631383537777595,0.042631383537777595,left,1,3
file04,131,0,1,0.5925184412511659,medium,False,31.234806,41.766962,9.386365,12.52062,-0.14427261344858644,0.14427261344858644,left,0,3
file04,132,1,1,0.5443484217464027,medium,False,14.028831,15.875412,10.079784,21.56917,-0.061749797119097886,0.061749797119097886,left,1,3
file04,143,0,1,0.509834069542064,medium,False,19.212603,19.733059,19.377949,6.277028,-0.013363644624563187,0.013363644624563187,right,0,3
file01,0,1,1,0.5038308538936873,medium,False,30.265673,25.355928,8.650771,11.628438,0.08827047088647323,0.08827047088647323,right,1,4
file01,2,0,0,0.49425541243858245,low,False,14.586294,9.295774,7.448625,2.717213,0.22152687022217382,0.22152687022217382,right,0,4
file01,4,0,1,0.523356554676406,medium,False,10.149991,8.270485,5.926597,5.395109,0.10203351411583962,0.10203351411583962,right,0,4
file01,8,0,1,0.5559357925865747,medium,False,10.789312,15.869716,11.521252,7.855691,-0.19056973155323848,0.19056973155323848,right,0,4
file01,9,0,1,0.5274281929234472,medium,False,9.579686,7.866675,5.535455,6.353758,0.0981872897054412,0.0981872897054412,left,0,4
file01,10,0,1,0.5279331387466502,medium,False,20.039192,18.808887,8.529554,10.628108,0.03166964750896316,0.03166964750896316,right,0,4
file01,14,0,1,0.5389517963016265,medium,False,18.809025,25.204515,19.766747,5.233065,-0.1453073271246229,0.1453073271246229,right,0,4
file01,17,0,1,0.5059427608640591,medium,False,23.66267,20.035692,8.595235,7.637132,0.08300031742607836,0.08300031742607836,left,0,4
file01,26,0,0,0.4387560316694722,low,False,36.08785,23.742994,15.107561,5.661572,0.20632929386171972,0.20632929386171972,right,0,4
file01,30,0,1,0.5227575519869858,medium,False,13.347701,12.435191,4.05676,2.926449,0.03539207178961651,0.03539207178961651,right,0,4
file01,31,0,1,0.500317804102,medium,False,15.407562,9.660658,2.847501,3.761059,0.22925057186945977,0.22925057186945977,left,0,4
file01,43,1,1,0.5350682998080826,medium,False,21.11765,22.275734,19.210107,15.294925,-0.02668803090609315,0.02668803090609315,left,1,4
file01,48,0,1,0.5726391341588023,medium,False,4.241221,8.155656,4.127525,11.068204,-0.31575974208990365,0.31575974208990365,left,0,4
file01,52,0,1,0.5477796929194065,medium,False,14.683148,19.359849,10.638357,5.918981,-0.13737629688196093,0.13737629688196093,right,0,4
file01,54,1,1,0.5154280964392256,medium,False,24.340386,22.896834,6.865568,6.115474,0.03055963008492817,0.03055963008492817,right,1,4
file01,55,0,1,0.5542401265857269,medium,False,20.119579,27.877401,18.640688,8.572981,-0.161631457611886,0.161631457611886,right,0,4
file01,56,1,1,0.5327780739766127,medium,False,7.853366,8.767175,9.796034,4.981821,-0.054980697982051345,0.054980697982051345,left,1,4
file01,60,0,1,0.506742469659955,medium,False,21.290043,17.68259,8.461939,7.106781,0.09256374614043279,0.09256374614043279,left,0,4
file01,69,1,0,0.49620959541228643,low,False,20.095591,13.453426,11.155601,10.445956,0.19798388733762637,0.19798388733762637,right,1,4
file01,77,1,0,0.4588581373724896,low,False,23.534221,11.409851,5.903647,4.305563,0.34696499174552436,0.34696499174552436,right,1,4
file01,90,0,0,0.4599218570925076,low,False,27.694252,16.897299,11.336808,6.480545,0.24213001153222924,0.24213001153222924,right,0,4
file01,92,1,1,0.528569800529147,medium,False,19.708501,21.649746,10.941512,5.390859,-0.046937312238178035,0.046937312238178035,left,1,4
file01,101,1,1,0.5475041526156647,medium,False,28.939336,38.971465,26.240463,8.12856,-0.14772508503139162,0.14772508503139162,left,1,4
file01,105,0,1,0.5188168843242418,medium,False,44.56721,43.129759,7.411474,14.246213,0.01639111362684484,0.01639111362684484,right,0,4
file01,111,1,1,0.5962112525569281,medium,False,14.474512,21.00339,16.763612,26.579961,-0.1840266038271766,0.1840266038271766,left,1,4
file01,112,1,0,0.4544907148393718,low,False,32.62472,18.413315,9.271252,11.848048,0.27844733288718243,0.27844733288718243,right,1,4
file01,114,1,1,0.5378157000804867,medium,False,11.500911,14.830058,16.324864,6.999919,-0.1264346509072776,0.1264346509072776,left,1,4
file01,115,1,1,0.6017345464583305,medium,False,23.838625,47.865648,38.202419,7.065658,-0.3350849490505963,0.3350849490505963,left,1,4
file01,119,1,1,0.5103197660061995,medium,False,18.226088,14.201766,14.680962,12.319345,0.12410077694007211,0.12410077694007211,right,1,4
file01,128,1,1,0.5529631856090697,medium,False,7.430658,12.474532,11.110856,5.350379,-0.2533949058815863,0.2533949058815863,left,1,4
file01,129,0,1,0.5279300347589235,medium,False,12.987407,15.693375,13.617734,2.962384,-0.09434777286240756,0.09434777286240756,right,0,4
file01,131,1,1,0.5452160589685792,medium,False,26.808281,32.266831,11.285858,7.339786,-0.09240016180756187,0.09240016180756187,left,1,4
file01,136,1,1,0.5288036968245395,medium,False,15.7325,13.547862,6.05476,10.21245,0.07461102855862817,0.07461102855862817,right,1,4
file01,144,0,1,0.5445517912256005,medium,False,9.464302,5.817457,7.73787,19.146012,0.23864037911863553,0.23864037911863553,right,0,4
file02,8,1,1,0.5458038568451683,medium,False,22.561715,27.580235,15.362347,9.667329,-0.10008625312565121,0.10008625312565121,left,1,4
file02,12,1,1,0.6222293872955256,medium,False,97.738251,141.039424,70.769093,17.489152,-0.18134514802799234,0.18134514802799234,left,1,4
file02,20,1,0,0.4616266100897004,low,False,99.589574,104.393652,68.823449,30.825161,-0.02355133836567849,0.02355133836567849,left,1,4
file02,23,0,1,0.5744076167621179,medium,False,69.993089,100.610708,80.103554,20.664486,-0.17946622149642885,0.17946622149642885,right,0,4
file02,26,1,1,0.5036472287305012,medium,False,29.024486,28.344001,28.610747,14.063439,0.0118616512953941,0.0118616512953941,right,1,4
file02,43,0,0,0.38224096937825214,low,False,99.165673,78.89832,56.828072,43.025133,0.11382061327906641,0.11382061327906641,right,0,4
file02,44,0,1,0.5657833379640366,medium,False,48.250898,51.413019,20.560561,33.514193,-0.03172784156448675,0.03172784156448675,left,0,4
file02,47,1,1,0.5647341530609457,medium,False,47.035277,53.376684,31.284892,32.276,-0.06315389993076719,0.06315389993076719,left,1,4
file02,59,1,1,0.5408006545070567,medium,False,20.026497,22.548191,9.317707,8.477626,-0.05922988656476153,0.05922988656476153,left,1,4
file02,64,0,1,0.6331238376379206,medium,False,46.612328,70.05186,29.069331,24.119772,-0.20091454113652654,0.20091454113652654,right,0,4
file02,75,0,0,0.46982815493373237,low,False,137.948379,131.677156,61.749261,66.099186,0.02325900985876943,0.02325900985876943,right,0,4
file02,85,1,1,0.5213235146301542,medium,False,29.594345,26.968661,10.374053,14.955348,0.04642051650471835,0.04642051650471835,right,1,4
file02,93,0,1,0.5986749374320447,medium,False,13.351545,25.669395,14.058461,13.157655,-0.31567280758298477,0.31567280758298477,right,0,4
file02,95,0,0,0.277801430458856,low,False,95.972573,66.656969,71.04809,19.681271,0.18026001585702045,0.18026001585702045,right,0,4
file02,106,0,1,0.6804236652238701,medium,False,45.197737,69.185638,34.126998,47.859792,-0.2097149239588802,0.2097149239588802,right,0,4
file02,108,1,1,0.5951748533170564,medium,False,39.263274,61.455349,33.661033,10.25239,-0.22033735290108802,0.22033735290108802,left,1,4
file02,109,1,1,0.5490996665080856,medium,False,27.913146,36.398651,27.470514,12.578229,-0.13194320892723294,0.13194320892723294,left,1,4
file02,111,0,1,0.5556324152570311,medium,False,13.635418,15.599629,9.399248,14.081641,-0.06718685736380527,0.06718685736380527,right,0,4
file02,114,1,1,0.5245364461549661,medium,False,95.114677,118.224974,94.70134,32.214162,-0.10832630869764427,0.10832630869764427,left,1,4
file02,117,0,1,0.5220176707061417,medium,False,13.418142,13.320074,10.601861,4.824105,0.003667709032356181,0.003667709032356181,right,0,4
file02,121,1,1,0.6694673696048458,medium,False,43.263665,53.189591,41.293843,76.692718,-0.10290918429016861,0.10290918429016861,left,1,4
file02,125,0,0,0.48553843544044795,low,False,232.492699,229.143493,59.595157,94.953657,0.007255076726620482,0.007255076726620482,left,0,4
file02,126,1,1,0.7841319287888698,high,True,268.206446,393.067744,227.501359,73.424038,-0.18881925183134807,0.18881925183134807,left,1,4
file02,128,0,0,0.4589022144263824,low,False,29.784247,23.885189,33.562026,9.528374,0.10991466148601484,0.10991466148601484,right,0,4
file02,133,0,0,0.38657042179576,low,False,89.277496,77.078847,45.014858,17.264938,0.0733284268377526,0.0733284268377526,right,0,4
file02,134,0,0,0.3749740806703591,low,False,136.476453,114.29569,156.099869,115.584834,0.0884498678609216,0.0884498678609216,left,0,4
file02,144,0,1,0.579726084345972,medium,False,174.607346,230.624159,159.257452,48.791397,-0.13823410117573628,0.13823410117573628,right,0,4
file03,6,1,1,0.5361773785539717,medium,False,19.356385,17.45058,10.757449,16.737521,0.05177837803854849,0.05177837803854849,right,1,4
file03,8,1,1,0.5296337684274298,medium,False,18.355796,19.770707,2.304916,1.341597,-0.03711095567534858,0.03711095567534858,left,1,4
file03,20,0,1,0.5133573356066703,medium,False,22.091806,20.129521,4.497483,4.218521,0.04647615536867997,0.04647615536867997,right,0,4
file03,22,1,1,0.5111921855643219,medium,False,12.826355,9.663704,2.927661,2.027554,0.14062439139779975,0.14062439139779975,right,1,4
file03,26,1,0,0.47771706738609876,low,False,29.03429,20.057548,22.616781,17.369003,0.18285609549073928,0.18285609549073928,right,1,4
file03,30,1,1,0.5389858048334888,medium,False,8.82588,10.443478,3.610836,2.682301,-0.08394664295786906,0.08394664295786906,left,1,4
file03,32,1,1,0.5428349377030759,medium,False,7.751472,10.347468,2.586082,1.255128,-0.1434335854235891,0.1434335854235891,left,1,4
file03,39,0,0,0.488724648728672,low,False,18.528334,11.833038,4.09211,2.620245,0.22052019847719007,0.22052019847719007,right,0,4
file03,40,0,0,0.4908226279913525,low,False,15.916438,9.99031,8.095445,3.442807,0.22874842381805605,0.22874842381805605,left,0,4
file03,43,0,1,0.5020660918451352,medium,False,12.767262,8.128718,5.809126,3.062878,0.22198259081495147,0.22198259081495147,right,0,4
file03,48,1,1,0.5444082498802107,medium,False,6.168442,8.364721,1.622204,1.712734,-0.15112187545671404,0.15112187545671404,left,1,4
file03,59,1,1,0.5427452073453196,medium,False,15.004913,17.001389,3.444139,5.31703,-0.06237758856435246,0.06237758856435246,left,1,4
file03,63,0,1,0.5139811145307295,medium,False,22.044343,17.177798,14.204812,16.613535,0.12407647190711824,0.12407647190711824,left,0,4
file03,64,1,1,0.5420395079586424,medium,False,19.666979,17.632989,3.091011,14.989599,0.05453060832302577,0.05453060832302577,right,1,4
file03,67,1,1,0.546159566168378,medium,False,9.760607,8.379347,4.196089,12.888364,0.07614462108643605,0.07614462108643605,right,1,4
file03,91,1,0,0.1738732912491455,low,False,292.051219,237.68879,26.578114,44.722944,0.10262096117678556,0.10262096117678556,right,1,4
file03,92,0,0,0.06671038073809783,low,False,138.869954,22.44649,5.907133,3.508233,0.7217085895985372,0.7217085895985372,right,0,4
file03,103,0,1,0.5772135533858478,medium,False,13.784363,24.785788,8.733595,3.513599,-0.2852315697381747,0.2852315697381747,right,0,4
file03,107,0,1,0.5296784662036848,medium,False,11.333026,11.016567,2.368269,2.931817,0.014159496588618122,0.014159496588618122,right,0,4
file03,109,0,1,0.5319178601051014,medium,False,12.636213,10.840354,4.530839,8.80391,0.07649580637169795,0.07649580637169795,left,0,4
file03,111,1,1,0.5201748039257307,medium,False,9.226407,6.489642,1.753945,3.084262,0.17413822175419397,0.17413822175419397,right,1,4
file03,118,1,1,0.5412884732447282,medium,False,4.568005,6.701444,3.574247,1.187685,-0.1893117232872944,0.1893117232872944,left,1,4
file03,119,0,1,0.5421815143220151,medium,False,9.818486,12.884551,6.489727,2.96705,-0.13505086852252987,0.13505086852252987,left,0,4
file03,121,0,1,0.5376666340800357,medium,False,7.618525,9.221073,2.874351,1.32585,-0.09516544901098893,0.09516544901098893,right,0,4
file03,126,1,1,0.5466435524512526,medium,False,7.37035,10.234958,2.105854,1.895492,-0.16271273625472862,0.16271273625472862,left,1,4
file03,133,0,1,0.5278117707936181,medium,False,12.585503,12.19963,2.679828,2.868846,0.015568727609057845,0.015568727609057845,left,0,4
file03,138,1,1,0.5439780899800379,medium,False,4.483947,6.349759,1.306695,1.522164,-0.17222285963613382,0.17222285963613382,left,1,4
file03,142,0,1,0.5396890156330002,medium,False,6.856317,9.034986,12.130319,6.293352,-0.1370981890472928,0.1370981890472928,right,0,4
file03,145,0,1,0.5277346100223282,medium,False,3.876285,2.525518,1.837852,1.670984,0.21099786872575296,0.21099786872575296,right,0,4
file04,2,0,1,0.5323808793023621,medium,False,18.93971,17.43094,5.79433,11.129351,0.0414831727922605,0.0414831727922605,left,0,4
file04,3,1,1,0.5377624234627245,medium,False,16.552487,19.504172,8.679561,4.768475,-0.08186240766615659,0.08186240766615659,left,1,4
file04,18,1,1,0.5209833465023316,medium,False,16.188434,10.40374,14.825708,20.109014,0.21753369177210966,0.21753369177210966,right,1,4
file04,26,1,1,0.5296762727101352,medium,False,9.134451,10.493285,9.945806,3.1899,-0.06923029384385983,0.06923029384385983,left,1,4
file04,33,1,1,0.5360003340649107,medium,False,12.139929,16.833884,19.132009,5.168259,-0.1620068037987681,0.1620068037987681,left,1,4
file04,35,0,0,0.4608953805463855,low,False,37.14816,24.384114,6.304283,11.09175,0.2074366013608305,0.2074366013608305,left,0,4
file04,37,0,1,0.6035831927301215,medium,False,7.868082,17.720886,5.853163,13.982476,-0.3850410698453696,0.3850410698453696,left,0,4
file04,39,1,1,0.5207648918716244,medium,False,15.315801,15.61809,11.043926,4.289494,-0.00977209721945108,0.00977209721945108,left,1,4
file04,41,1,1,0.5483722988400204,medium,False,19.195911,30.705249,31.288751,5.28406,-0.23064268985645445,0.23064268985645445,left,1,4
file04,50,0,1,0.6066279162331681,medium,False,24.922407,50.166244,48.877704,13.395052,-0.3361871112029019,0.3361871112029019,right,0,4
file04,51,1,1,0.5258215776908638,medium,False,14.828535,14.136413,6.612484,5.764671,0.02389515686701196,0.02389515686701196,right,1,4
file04,58,1,1,0.5089282210184142,medium,False,14.667861,11.622723,7.147633,3.93937,0.11582617883930689,0.11582617883930689,right,1,4
file04,60,1,1,0.5610123214354034,medium,False,14.12423,20.761999,8.348167,5.808388,-0.19026902591652922,0.19026902591652922,left,1,4
file04,64,1,1,0.513649629557156,medium,False,21.551182,18.506269,11.208299,10.566978,0.07601364659938933,0.07601364659938933,right,1,4
file04,66,1,1,0.5662210879513476,medium,False,23.995772,32.233636,14.220359,11.252893,-0.14650454533498652,0.14650454533498652,left,1,4
file04,74,1,1,0.5384572500188192,medium,False,16.255558,19.858353,10.828962,4.861329,-0.09976196984696648,0.09976196984696648,left,1,4
file04,77,0,1,0.5357284262436867,medium,False,11.528442,13.01903,11.276017,7.045292,-0.06072266583203903,0.06072266583203903,left,0,4
file04,83,1,1,0.5521238664720544,medium,False,5.314013,8.942763,4.591949,3.447639,-0.25452807461321725,0.25452807461321725,left,1,4
file04,85,0,1,0.5385244785528364,medium,False,19.8524,24.697963,8.631313,2.007711,-0.10876595755760833,0.10876595755760833,right,0,4
file04,97,1,1,0.5320832133639921,medium,False,9.894562,12.831765,14.757022,3.946979,-0.12924230434410697,0.12924230434410697,left,1,4
file04,100,0,1,0.5207336270780863,medium,False,16.582677,16.017921,8.011467,4.719784,0.01732348537522268,0.01732348537522268,left,0,4
file04,102,0,0,0.4974621122601789,low,False,17.110222,11.962163,7.540353,4.622359,0.17707727876205276,0.17707727876205276,left,0,4
file04,106,1,1,0.502418254290007,medium,False,21.508473,17.65883,5.803294,4.256341,0.09828715808471272,0.09828715808471272,right,1,4
file04,111,0,1,0.5610650074163067,medium,False,25.924609,36.923078,19.780149,7.018824,-0.17500196665945766,0.17500196665945766,right,0,4
file04,116,1,1,0.5211729396265893,medium,False,8.528217,14.179455,32.178061,3.515644,-0.24886909371999502,0.24886909371999502,left,1,4
file04,124,1,1,0.5433987425021394,medium,False,7.913841,10.808946,5.514792,2.669158,-0.15463001557246714,0.15463001557246714,left,1,4
file04,130,0,1,0.5492606426833035,medium,False,18.712422,26.561873,16.630408,4.578555,-0.17337544022771773,0.17337544022771773,right,0,4
file04,136,1,1,0.5126043577864726,medium,False,21.226582,19.130816,15.936272,10.822015,0.051930155360111314,0.051930155360111314,right,1,4
file04,138,0,0,0.48161278764953397,low,False,15.175667,6.848751,4.459864,2.290861,0.3780765340506826,0.3780765340506826,right,0,4
file04,145,1,1,0.5044629632903599,medium,False,23.969311,22.931602,18.052307,7.214326,0.02212556028225803,0.02212556028225803,right,1,4
file01,11,0,1,0.5050226357939804,medium,False,16.870056,11.799564,4.626361,6.441995,0.17685940110613954,0.17685940110613954,left,0,5
file01,13,0,0,0.4968344122848288,low,False,16.560388,12.963961,10.769216,2.17103,0.12181223295347739,0.12181223295347739,right,0,5
file01,22,1,1,0.5586259690566577,medium,False,20.814251,26.583971,7.312575,3.816109,-0.12172861417188573,0.12172861417188573,left,1,5
file01,35,1,1,0.504347997203957,medium,False,28.556957,25.472945,10.969807,8.946021,0.057079724907150055,0.057079724907150055,right,1,5
file01,37,0,1,0.5317169917670197,medium,False,18.841568,19.146824,7.885829,7.381933,-0.008035507056063151,0.008035507056063151,left,0,5
file01,42,0,1,0.5668288799180604,medium,False,12.140653,16.741981,7.246549,11.322917,-0.15931122627835026,0.15931122627835026,left,0,5
file01,46,1,1,0.5815211687057807,medium,False,34.100591,43.759646,12.649456,14.12796,-0.12405632512965084,0.12405632512965084,left,1,5
file01,47,0,1,0.5086737329794129,medium,False,28.829596,26.469438,12.326845,10.617794,0.042679912949656326,0.042679912949656326,right,0,5
file01,53,1,1,0.5056964809104281,medium,False,34.518854,31.458159,12.227764,12.973933,0.046390323151029526,0.046390323151029526,right,1,5
file01,58,0,0,0.4994457674798758,low,False,43.819581,43.514575,18.541194,7.987322,0.003492402176619152,0.003492402176619152,right,0,5
file01,66,1,0,0.4878544276199637,low,False,38.017735,32.809677,11.504356,9.768726,0.0735316705694164,0.0735316705694164,right,1,5
file01,67,1,1,0.543517318056606,medium,False,11.666159,13.192497,12.890122,14.110306,-0.061400662151619816,0.061400662151619816,left,1,5
file01,72,1,0,0.45171113468122115,low,False,34.782174,24.321675,12.246201,6.222331,0.1769850695005486,0.1769850695005486,right,1,5
file01,74,1,1,0.5166566591261547,medium,False,26.709192,26.751769,14.970309,8.8779,-0.0007964129040550724,0.0007964129040550724,left,1,5
file01,83,0,1,0.5261299831050902,medium,False,16.17983,15.659273,10.146115,8.725321,0.016349612099636923,0.016349612099636923,right,0,5
file01,89,0,1,0.5175927463670988,medium,False,14.122875,10.957175,3.777525,5.505993,0.1262238262593645,0.1262238262593645,left,0,5
file01,93,1,1,0.5403374289133916,medium,False,15.112023,16.665704,7.381624,6.537036,-0.048892136026842475,0.048892136026842475,left,1,5
file01,94,1,1,0.5965665178818228,medium,False,7.055785,23.413393,27.056377,6.640897,-0.5368575241229834,0.5368575241229834,left,1,5
file01,96,1,1,0.521203106615498,medium,False,25.452074,24.90986,8.529809,6.411268,0.01076634565371647,0.01076634565371647,right,1,5
file01,97,0,1,0.5245193079776428,medium,False,11.133847,11.016581,8.286774,2.415139,0.005294073536905267,0.005294073536905267,left,0,5
file01,109,0,1,0.5342818026153782,medium,False,11.235239,13.238496,12.096724,4.998529,-0.08185333861573074,0.08185333861573074,right,0,5
file01,120,0,1,0.5291186844424544,medium,False,20.019112,21.64463,10.726887,4.064874,-0.03901516961642164,0.03901516961642164,left,0,5
file01,134,0,1,0.5890135829706581,medium,False,14.321586,29.32893,38.057896,21.612211,-0.34380678698490563,0.34380678698490563,right,0,5
file01,135,0,1,0.5724285091763972,medium,False,22.132047,25.379785,8.592922,24.985735,-0.06835640291966842,0.06835640291966842,right,0,5
file01,146,1,0,0.49636472032231965,low,False,23.043545,17.786094,7.968542,7.104743,0.12876554875330773,0.12876554875330773,right,1,5
file01,149,0,1,0.5476423922674327,medium,False,14.240997,16.753831,19.045515,20.855435,-0.08107268473718636,0.08107268473718636,right,0,5
file02,1,1,1,0.5370100955953137,medium,False,13.774221,16.84377,11.895494,3.139348,-0.10025311261430855,0.10025311261430855,left,1,5
file02,4,1,1,0.5539827247518607,medium,False,5.192286,7.679389,4.688888,5.968961,-0.19322293382773148,0.19322293382773148,left,1,5
file02,7,0,0,0.31195920692222956,low,False,100.435089,77.23804,61.249627,33.104272,0.13056025410257593,0.13056025410257593,right,0,5
file02,9,0,1,0.5518174989954612,medium,False,57.934118,70.310226,34.495214,15.552963,-0.0965041226574162,0.0965041226574162,right,0,5
file02,11,0,0,0.3522205714340996,low,False,151.361513,138.8353,70.683302,47.255716,0.04316454349495378,0.04316454349495378,right,0,5
file02,18,0,0,0.4046880897407679,low,False,82.753609,74.540383,49.56967,22.676319,0.05221576389125039,0.05221576389125039,right,0,5
file02,19,0,0,0.3414566087737917,low,False,68.596833,46.523584,43.904554,21.533618,0.19174052165098987,0.19174052165098987,right,0,5
file02,22,0,1,0.5414844425363617,medium,False,42.361247,56.952909,45.447175,7.885076,-0.1469242899579765,0.1469242899579765,right,0,5
file02,30,0,1,0.6410070399990833,medium,False,62.464077,97.932991,54.769106,11.06109,-0.22113193352679034,0.22113193352679034,right,0,5
file02,31,1,0,0.4859242190212222,low,False,52.354783,56.10724,40.514601,10.86485,-0.03459696639996318,0.03459696639996318,left,1,5
file02,33,0,1,0.5400738780533405,medium,False,11.204229,15.218302,24.112243,14.799254,-0.15191855950822578,0.15191855950822578,left,0,5
file02,37,0,1,0.5413067042846609,medium,False,17.555885,20.083449,14.42913,12.2026,-0.06715219596733049,0.06715219596733049,left,0,5
file02,38,0,0,0.03909784517732482,low,False,278.414722,191.837889,146.384837,32.951425,0.18410707519897837,0.18410707519897837,right,0,5
file02,49,1,1,0.5491850664298611,medium,False,69.378409,79.416077,31.532118,22.986964,-0.06745994560940954,0.06745994560940954,left,1,5
file02,55,0,0,0.4360907198384332,low,False,63.789088,53.747532,32.050361,25.501964,0.08543342419210775,0.08543342419210775,right,0,5
file02,57,0,1,0.5138213786320274,medium,False,116.455864,131.209758,68.506063,37.376017,-0.05957182842448824,0.05957182842448824,right,0,5
file02,60,0,0,0.49187848390238187,low,False,19.919311,14.476526,11.853834,8.404124,0.15823963934241117,0.15823963934241117,right,0,5
file02,67,0,0,0.4528826167548585,low,False,33.408888,24.608281,33.111607,24.130335,0.15168969806696875,0.15168969806696875,right,0,5
file02,69,1,1,0.5442374261065436,medium,False,22.474062,23.130185,9.804044,17.674927,-0.014387321988074464,0.014387321988074464,left,1,5
file02,70,0,1,0.5345538871853251,medium,False,36.886873,45.127058,30.924256,9.917512,-0.10047299036948987,0.10047299036948987,right,0,5
file02,90,1,1,0.6383212871254013,medium,False,21.208867,44.183352,45.32286,35.263595,-0.35133361430457627,0.35133361430457627,left,1,5
file02,94,0,1,0.5136101943022635,medium,False,29.464085,19.765262,20.820473,52.84821,0.19701302970740137,0.19701302970740137,left,0,5
file02,100,1,1,0.517596396241875,medium,False,22.381569,19.572687,10.617303,14.445753,0.06695106053242704,0.06695106053242704,right,1,5
file02,101,0,1,0.5571607410026279,medium,False,24.630229,22.314821,10.953381,40.059145,0.049321663320804614,0.049321663320804614,left,0,5
file02,103,1,1,0.5728474574577607,medium,False,45.573066,62.200036,40.694655,16.490901,-0.1542775473394322,0.1542775473394322,left,1,5
file02,107,1,0,0.13605254281259452,low,False,184.661682,120.711693,107.598566,96.354062,0.20941573177617165,0.20941573177617165,right,1,5
file02,120,0,1,0.5957032351193492,medium,False,42.486121,66.808348,49.318206,10.831638,-0.22253849622949817,0.22253849622949817,right,0,5
file02,140,1,1,0.5285860548821713,medium,False,8.333186,7.220955,4.57775,3.944227,0.07150706223461246,0.07150706223461246,right,1,5
file02,146,1,1,0.534274596281825,medium,False,288.994645,353.612948,218.267611,78.35211,-0.1005563949186695,0.1005563949186695,left,1,5
file03,0,1,0,0.49324230803548014,low,False,18.703256,15.514687,24.483286,14.631459,0.0931841200044047,0.0931841200044047,right,1,5
file03,4,1,1,0.5393571232202491,medium,False,10.988439,11.499098,2.439473,3.067699,-0.022708533055063672,0.022708533055063672,left,1,5
file03,11,1,1,0.5599191523100903,medium,False,8.58447,11.728829,3.906503,7.484988,-0.1547931158403607,0.1547931158403607,left,1,5
file03,17,1,0,0.4849692410635917,low,False,14.828972,7.457449,4.811405,1.772534,0.3307629641043322,0.3307629641043322,right,1,5
file03,23,1,1,0.5399608222160057,medium,False,6.389132,7.3273,2.75437,0.783196,-0.06839737415696924,0.06839737415696924,left,1,5
file03,25,1,1,0.5419090681043338,medium,False,10.194101,11.345606,3.892336,3.690475,-0.053459638357214505,0.053459638357214505,left,1,5
file03,29,0,1,0.5081214949387872,medium,False,15.022376,11.042118,6.326688,5.617818,0.1527080421086232,0.1527080421086232,left,0,5
file03,34,0,1,0.5400390128513046,medium,False,7.961404,9.01554,3.943432,2.217055,-0.062092207991484905,0.062092207991484905,right,0,5
file03,53,0,1,0.5711631157271103,medium,False,5.645588,10.834913,2.166343,4.154062,-0.31487663421903045,0.31487663421903045,right,0,5
file03,54,0,1,0.5193704210430131,medium,False,16.01565,11.810636,2.996461,10.452278,0.15111660423828732,0.15111660423828732,right,0,5
file03,61,0,1,0.5100980664288629,medium,False,22.520208,18.954582,1.440869,1.887044,0.08597092146889908,0.08597092146889908,right,0,5
file03,62,0,1,0.5253763739904472,medium,False,13.057529,10.991593,7.659884,10.522953,0.08590483736142895,0.08590483736142895,left,0,5
file03,71,1,1,0.5488654941822838,medium,False,17.742872,21.053069,4.349247,2.613074,-0.08532327942958577,0.08532327942958577,left,1,5
file03,75,1,1,0.5107495348887946,medium,False,13.915673,9.830376,1.771239,2.197315,0.17204111841758948,0.17204111841758948,right,1,5
file03,77,0,1,0.5641386690780428,medium,False,9.690488,14.802091,2.608232,1.407464,-0.20870006344778708,0.20870006344778708,right,0,5
file03,78,1,1,0.5790691470027921,medium,False,11.045379,18.807225,3.931252,3.030598,-0.2600056510981202,0.2600056510981202,left,1,5
file03,81,0,1,0.5289629435110367,medium,False,15.415866,14.643726,5.108053,5.569396,0.025686974537546144,0.025686974537546144,right,0,5
file03,83,0,1,0.5505401608379812,medium,False,11.491077,13.73764,3.831374,5.481416,-0.08904784618861726,0.08904784618861726,left,0,5
file03,86,1,1,0.5610688299387255,medium,False,9.988144,14.951741,5.190273,2.982769,-0.19902244140169686,0.19902244140169686,left,1,5
file03,89,0,1,0.5931360777190612,medium,False,10.564647,21.26573,5.392099,2.630581,-0.3361908865801091,0.3361908865801091,right,0,5
file03,94,1,1,0.5289235985770067,medium,False,11.641497,10.946944,2.318116,0.896824,0.030748158726484946,0.030748158726484946,right,1,5
file03,95,0,1,0.5290381569921959,medium,False,10.393619,8.200363,1.074203,5.080096,0.11795514710323227,0.11795514710323227,left,0,5
file03,99,0,1,0.516960820544456,medium,False,11.784538,9.077258,3.539185,2.306792,0.12977213803777302,0.12977213803777302,left,0,5
file03,102,0,1,0.5775822827652503,medium,False,21.957395,33.389719,16.670302,5.475245,-0.20655681872487838,0.20655681872487838,right,0,5
file03,106,0,1,0.5511673239857027,medium,False,10.627781,13.292636,2.192257,2.105323,-0.1114050348116826,0.1114050348116826,left,0,5
file03,110,1,1,0.5097896134497326,medium,False,25.920668,22.61023,3.012313,3.497924,0.06821299560100871,0.06821299560100871,right,1,5
file03,112,0,1,0.5247196133211015,medium,False,19.112496,17.970556,5.443687,5.679896,0.030794120430159888,0.030794120430159888,right,0,5
file03,114,1,1,0.5106214012200225,medium,False,12.179861,8.244396,2.549386,1.903327,0.19268582486570626,0.19268582486570626,right,1,5
file03,117,1,1,0.5387704661606749,medium,False,14.910378,15.79245,4.827577,5.129721,-0.028729339566722037,0.028729339566722037,left,1,5
file03,122,1,1,0.5337483770662654,medium,False,8.114921,7.117098,1.126256,2.895838,0.06550825169609811,0.06550825169609811,right,1,5
file03,123,0,1,0.5247308438427822,medium,False,15.124369,13.551658,1.799084,1.996978,0.05484410184004563,0.05484410184004563,right,0,5
file03,131,1,1,0.5691521515592373,medium,False,10.55207,16.369149,3.062355,2.802538,-0.2160778374828481,0.2160778374828481,left,1,5
file03,132,0,1,0.5617483651678683,medium,False,11.178066,15.194758,3.601154,5.697484,-0.15230419949322838,0.15230419949322838,right,0,5
file03,139,1,1,0.5295418194752654,medium,False,8.075442,7.008897,2.812286,2.288742,0.07070544684089596,0.07070544684089596,right,1,5
file04,9,1,1,0.5656267310800235,medium,False,14.793655,20.668455,5.763634,4.560735,-0.16566413657664097,0.16566413657664097,left,1,5
file04,12,1,1,0.5015524016537699,medium,False,15.091801,9.846449,6.50961,6.46631,0.21033359556770842,0.21033359556770842,right,1,5
file04,23,0,1,0.551021679454248,medium,False,14.16336,18.229201,9.903911,6.428763,-0.1255177345959853,0.1255177345959853,right,0,5
file04,25,1,1,0.5271581970815798,medium,False,21.331531,21.572556,12.052109,10.136451,-0.005617763043931863,0.005617763043931863,left,1,5
file04,30,1,1,0.527050987278705,medium,False,19.481036,20.171517,10.207865,5.61403,-0.017413279356482358,0.017413279356482358,left,1,5
file04,38,0,1,0.529738834549188,medium,False,8.246781,9.54207,12.203948,3.990683,-0.07281464818527919,0.07281464818527919,right,0,5
file04,43,0,0,0.3031646312125653,low,False,85.24508,60.72275,52.553686,16.913503,0.16799818036619318,0.16799818036619318,right,0,5
file04,46,0,1,0.524300452833642,medium,False,30.520609,30.870811,12.394846,10.922127,-0.005704412673555797,0.005704412673555797,left,0,5
file04,47,1,0,0.4789229098979119,low,False,33.151445,25.315777,12.695765,14.111502,0.13401813183431,0.13401813183431,right,1,5
file04,48,1,1,0.5759158755466024,medium,False,14.820992,26.236225,19.826155,5.928878,-0.2780323060369069,0.2780323060369069,left,1,5
file04,49,1,1,0.5632112410797275,medium,False,7.598641,18.191408,34.607728,15.459556,-0.41073076632267086,0.41073076632267086,left,1,5
file04,55,0,1,0.5265287009659559,medium,False,11.544826,9.327883,7.436886,11.181493,0.10621251385181897,0.10621251385181897,left,0,5
file04,57,1,1,0.5184689988226097,medium,False,12.84649,9.949295,7.468391,8.910853,0.12709344613078927,0.12709344613078927,right,1,5
file04,59,1,0,0.46995796314434657,low,False,21.160091,10.768495,9.301353,10.732646,0.32546369809600406,0.32546369809600406,right,1,5
file04,67,1,1,0.5630721269200666,medium,False,12.728702,19.580081,10.444185,3.766247,-0.21205932727149374,0.21205932727149374,left,1,5
file04,79,1,1,0.5115702511199421,medium,False,8.891111,6.60641,11.44397,5.30995,0.14742363327504876,0.14742363327504876,right,1,5
file04,82,1,1,0.522581363185618,medium,False,15.55355,14.518009,8.293732,6.065196,0.03443589225168233,0.03443589225168233,right,1,5
file04,88,1,0,0.3859655637580302,low,False,47.152218,24.762437,11.833794,11.450351,0.31133822012581136,0.31133822012581136,right,1,5
file04,92,1,1,0.5266832172438259,medium,False,12.094335,11.102085,6.33692,5.346892,0.04277599548654504,0.04277599548654504,right,1,5
file04,93,0,1,0.5134307218295736,medium,False,11.471956,7.672194,7.02887,8.198327,0.19848161456729005,0.19848161456729005,left,0,5
file04,95,1,0,0.4588379777659606,low,False,28.345472,16.166183,9.51164,12.719937,0.27362021758974775,0.27362021758974775,right,1,5
file04,99,0,1,0.5273615075363586,medium,False,11.924271,12.28986,8.5367,2.930775,-0.015098166640869057,0.015098166640869057,right,0,5
file04,104,0,1,0.549900474249942,medium,False,7.442617,9.79049,5.810003,5.732494,-0.1362419941893244,0.1362419941893244,left,0,5
file04,107,1,1,0.520566996374776,medium,False,19.290791,18.123338,15.377049,14.525356,0.031203531927643333,0.031203531927643333,right,1,5
file04,115,0,1,0.5778259740468032,medium,False,10.174631,21.324022,15.857935,2.321449,-0.35396404557477285,0.35396404557477285,right,0,5
file04,117,1,1,0.5167932502258026,medium,False,11.863925,8.465214,5.462434,7.165802,0.16718419962674272,0.16718419962674272,right,1,5
file04,123,1,1,0.5221776105743915,medium,False,16.406398,18.304861,17.431809,5.018563,-0.054693001636932796,0.054693001636932796,left,1,5
file04,125,1,0,0.4397639047251402,low,False,32.757862,17.978712,13.343312,15.875337,0.29129183434238515,0.29129183434238515,right,1,5
file04,126,1,0,0.4867383202928279,low,False,16.858685,8.39735,4.591117,7.599406,0.3350222893252132,0.3350222893252132,right,1,5
file04,140,1,0,0.45341418023136604,low,False,35.022379,22.347807,10.348879,13.983455,0.22092610574896682,0.22092610574896682,right,1,5
file04,148,1,1,0.5642893761174765,medium,False,14.936683,22.757889,16.731972,8.675241,-0.2074889135897626,0.2074889135897626,left,1,5
